{"cameraMode":{"drawMode":0,"name":"Shaded","section":"Shading Mode"},"sceneLighting":false,"audioPlay":false,"sceneViewState":{"m_AlwaysRefresh":false,"showFog":true,"showSkybox":false,"showFlares":true,"showImageEffects":true,"showParticleSystems":true,"showVisualEffectGraphs":true,"m_FxEnabled":true},"in2DMode":false,"pivot":{"x":-0.1282675564289093,"y":-0.03214156627655029,"z":-0.029218673706054689},"rotation":{"x":0.05097637698054314,"y":-0.007490220479667187,"z":0.00038233964005485177,"w":0.9986698031425476},"size":1.7320510149002076,"orthographic":false}